2025-11-26_14-00-27,0,draft.py:2025-11-26_14-00-27
2025-11-26_14-00-28,0,draft.py:2025-11-26_14-00-27
2025-11-26_14-00-28,0,draft.py:2025-11-26_14-00-27
2025-11-26_14-00-28,0,draft.py:2025-11-26_14-00-27
2025-11-26_14-00-28,0,draft.py:2025-11-26_14-00-27
2025-11-26_14-04-03,0,draft.py:2025-11-26_14-04-03
2025-11-26_14-05-17,0,draft.py:2025-11-26_14-05-17
2025-11-26_14-05-18,0,draft.py:2025-11-26_14-05-17
2025-11-26_14-08-05,0,draft.py:2025-11-26_14-08-05
2025-11-26_14-08-05,0,draft.py:2025-11-26_14-08-05
2025-11-26_14-17-54,---,draft.py:2025-11-26_14-17-54
2025-11-26_14-18-33,0,draft.py:2025-11-26_14-18-33
2025-11-26_14-24-42,0,draft.py:2025-11-26_14-24-42
2025-11-26_14-24-43,0,draft.py:2025-11-26_14-24-42
2025-11-26_14-24-57,0,draft.py:2025-11-26_14-24-57
2025-11-26_14-24-59,---,draft.py:2025-11-26_14-24-57
2025-11-26_21-36-15,0,draft.py:2025-11-26_21-36-15
2025-11-26_21-36-16,0,draft.py:2025-11-26_21-36-15
2025-11-26_21-43-06,0,draft.py:2025-11-26_21-43-06
2025-11-26_21-43-14,0,draft.py:2025-11-26_21-43-06
2025-11-26_21-43-15,0,draft.py:2025-11-26_21-43-06
2025-11-26_21-43-15,0,draft.py:2025-11-26_21-43-06
2025-11-26_21-43-15,0,draft.py:2025-11-26_21-43-06
2025-11-26_21-43-47,0,draft.py:2025-11-26_21-43-47
2025-11-26_21-43-47,0,draft.py:2025-11-26_21-43-47
2025-11-26_21-43-48,0,draft.py:2025-11-26_21-43-48
2025-11-26_21-43-48,0,draft.py:2025-11-26_21-43-48
2025-11-26_21-43-48,0,draft.py:2025-11-26_21-43-48
2025-11-26_21-44-38,0,draft.py:2025-11-26_21-44-38
2025-11-26_21-51-18,0,draft.py:2025-11-26_21-51-18
2025-11-26_21-51-19,0,draft.py:2025-11-26_21-51-18
2025-11-26_22-00-20,---,draft.py:2025-11-26_22-00-20
2025-11-26_22-00-51,20,draft.py:2025-11-26_22-00-20
2025-11-26_22-01-25,20,draft.py:2025-11-26_22-00-20
2025-11-26_22-03-48,20,draft.py:2025-11-26_22-03-48
2025-11-26_22-15-56,0,draft.py:2025-11-26_22-15-56
2025-11-26_22-15-58,0,draft.py:2025-11-26_22-15-56
2025-11-26_22-15-58,0,draft.py:2025-11-26_22-15-56
2025-11-26_22-15-58,0,draft.py:2025-11-26_22-15-56
2025-11-26_22-20-21,---,draft.py:2025-11-26_22-20-21
2025-11-26_22-25-27,20,draft.py:2025-11-26_22-25-27
2025-11-26_22-25-53,20,draft.py:2025-11-26_22-25-53
2025-11-26_22-55-45,---,draft.py:2025-11-26_22-55-45
2025-11-26_22-57-13,20,draft.py:2025-11-26_22-55-45
2025-11-26_23-08-52,---,draft.py:2025-11-26_23-08-52
2025-11-26_23-14-14,40,draft.py:2025-11-26_23-14-14
